{"format_version":"1.10","minecraft:entity":{"description":{"identifier":"minecraft:player","is_spawnable":false,"is_summonable":false,"is_experimental":false,"scripts":{"animate":["walk","key:yellow","key:wrench","key:red","key:blue","key:plank","key:hammer","key:orange","key:green","key:silver","key:purple","sneakingVariable"]},"animations":{"walk":"controller.animation.walk","key:yellow":"controller.animation.key_yellow","key:wrench":"controller.animation.key_wrench","key:red":"controller.animation.key_red","key:blue":"controller.animation.key_blue","key:plank":"controller.animation.key_plank","key:hammer":"controller.animation.key_hammer","key:orange":"controller.animation.key_orange","key:green":"controller.animation.key_green","key:silver":"controller.animation.key_silver","key:purple":"controller.animation.key_purple","sneakingVariable":"controller.animation.player.sneakingVariable"}},"component_groups":{"pamobile:respawn":{"minecraft:mark_variant":{"value":99999},"minecraft:health":{"value":20,"max":20},"minecraft:movement":{"value":0.1},"minecraft:attack":{"damage":1},"minecraft:spell_effects":{"remove_effects":[]}},"ammo:1":{"minecraft:mark_variant":{"value":1}},"key:yellow_event_hold":{"minecraft:is_chested":{}},"key:yellow_event_play":{"minecraft:health":{"value":20,"max":20},"minecraft:movement":{"value":0.1},"minecraft:spell_effects":{"add_effects":[]}},"key:wrench_event_hold":{"minecraft:is_chested":{}},"key:wrench_event_play":{"minecraft:health":{"value":20,"max":20},"minecraft:movement":{"value":0.1},"minecraft:spell_effects":{"add_effects":[]}},"key:red_event_hold":{"minecraft:is_chested":{}},"key:red_event_play":{"minecraft:health":{"value":20,"max":20},"minecraft:movement":{"value":0.1},"minecraft:spell_effects":{"add_effects":[]}},"key:blue_event_hold":{"minecraft:is_chested":{}},"key:blue_event_play":{"minecraft:health":{"value":20,"max":20},"minecraft:movement":{"value":0.1},"minecraft:spell_effects":{"add_effects":[]}},"key:plank_event_hold":{"minecraft:is_chested":{}},"key:plank_event_play":{"minecraft:health":{"value":20,"max":20},"minecraft:movement":{"value":0.1},"minecraft:spell_effects":{"add_effects":[]}},"key:hammer_event_hold":{"minecraft:is_chested":{}},"key:hammer_event_play":{"minecraft:health":{"value":20,"max":20},"minecraft:movement":{"value":0.1},"minecraft:spell_effects":{"add_effects":[]}},"key:orange_event_hold":{"minecraft:is_chested":{}},"key:orange_event_play":{"minecraft:health":{"value":20,"max":20},"minecraft:movement":{"value":0.1},"minecraft:spell_effects":{"add_effects":[]}},"key:green_event_hold":{"minecraft:is_chested":{}},"key:green_event_play":{"minecraft:health":{"value":20,"max":20},"minecraft:movement":{"value":0.1},"minecraft:spell_effects":{"add_effects":[]}},"key:silver_event_hold":{"minecraft:is_chested":{}},"key:silver_event_play":{"minecraft:health":{"value":20,"max":20},"minecraft:movement":{"value":0.1},"minecraft:spell_effects":{"add_effects":[]}},"key:purple_event_hold":{"minecraft:is_chested":{}},"key:purple_event_play":{"minecraft:health":{"value":20,"max":20},"minecraft:movement":{"value":0.1},"minecraft:spell_effects":{"add_effects":[]}}},"components":{"minecraft:type_family":{"family":["player"]},"minecraft:loot":{"table":"loot_tables/empty.json"},"minecraft:collision_box":{"width":0.6,"height":1.8},"minecraft:can_climb":{},"minecraft:movement":{"value":0.1},"minecraft:environment_sensor":[{"on_environment":{"filters":{"any_of":[{"test":"is_family","subject":"self","value":"player"}]},"event":"pamobile:refresh_player"}},{"on_environment":{"filters":{"all_of":[{"test":"has_equipment","subject":"self","domain":"hand","value":"key:yellow"}]},"event":"key:yellow_event_hold"}},{"on_environment":{"filters":{"all_of":[{"test":"has_equipment","subject":"self","domain":"head","value":"key:yellow"}]},"event":"key:yellow_event_play"}},{"on_environment":{"filters":{"all_of":[{"test":"has_equipment","subject":"self","domain":"hand","value":"key:wrench"}]},"event":"key:wrench_event_hold"}},{"on_environment":{"filters":{"all_of":[{"test":"has_equipment","subject":"self","domain":"head","value":"key:wrench"}]},"event":"key:wrench_event_play"}},{"on_environment":{"filters":{"all_of":[{"test":"has_equipment","subject":"self","domain":"hand","value":"key:red"}]},"event":"key:red_event_hold"}},{"on_environment":{"filters":{"all_of":[{"test":"has_equipment","subject":"self","domain":"head","value":"key:red"}]},"event":"key:red_event_play"}},{"on_environment":{"filters":{"all_of":[{"test":"has_equipment","subject":"self","domain":"hand","value":"key:blue"}]},"event":"key:blue_event_hold"}},{"on_environment":{"filters":{"all_of":[{"test":"has_equipment","subject":"self","domain":"head","value":"key:blue"}]},"event":"key:blue_event_play"}},{"on_environment":{"filters":{"all_of":[{"test":"has_equipment","subject":"self","domain":"hand","value":"key:plank"}]},"event":"key:plank_event_hold"}},{"on_environment":{"filters":{"all_of":[{"test":"has_equipment","subject":"self","domain":"head","value":"key:plank"}]},"event":"key:plank_event_play"}},{"on_environment":{"filters":{"all_of":[{"test":"has_equipment","subject":"self","domain":"hand","value":"key:hammer"}]},"event":"key:hammer_event_hold"}},{"on_environment":{"filters":{"all_of":[{"test":"has_equipment","subject":"self","domain":"head","value":"key:hammer"}]},"event":"key:hammer_event_play"}},{"on_environment":{"filters":{"all_of":[{"test":"has_equipment","subject":"self","domain":"hand","value":"key:orange"}]},"event":"key:orange_event_hold"}},{"on_environment":{"filters":{"all_of":[{"test":"has_equipment","subject":"self","domain":"head","value":"key:orange"}]},"event":"key:orange_event_play"}},{"on_environment":{"filters":{"all_of":[{"test":"has_equipment","subject":"self","domain":"hand","value":"key:green"}]},"event":"key:green_event_hold"}},{"on_environment":{"filters":{"all_of":[{"test":"has_equipment","subject":"self","domain":"head","value":"key:green"}]},"event":"key:green_event_play"}},{"on_environment":{"filters":{"all_of":[{"test":"has_equipment","subject":"self","domain":"hand","value":"key:silver"}]},"event":"key:silver_event_hold"}},{"on_environment":{"filters":{"all_of":[{"test":"has_equipment","subject":"self","domain":"head","value":"key:silver"}]},"event":"key:silver_event_play"}},{"on_environment":{"filters":{"all_of":[{"test":"has_equipment","subject":"self","domain":"hand","value":"key:purple"}]},"event":"key:purple_event_hold"}},{"on_environment":{"filters":{"all_of":[{"test":"has_equipment","subject":"self","domain":"head","value":"key:purple"}]},"event":"key:purple_event_play"}}],"minecraft:player.saturation":{"value":20},"minecraft:player.exhaustion":{"value":0,"max":4},"minecraft:player.level":{"value":0,"max":24791},"minecraft:player.experience":{"value":0,"max":1},"minecraft:breathable":{"totalSupply":15,"suffocateTime":-1,"inhaleTime":3.75,"generatesBubbles":false},"minecraft:nameable":{"alwaysShow":true,"allowNameTagRenaming":false},"minecraft:physics":{},"minecraft:insomnia":{"days_until_insomnia":3},"minecraft:rideable":{"seat_count":2,"family_types":["parrot_tame"],"pull_in_entities":true,"seats":[{"position":[0.4,-0.15,0.04],"min_rider_count":0,"max_rider_count":0,"lock_rider_rotation":0},{"position":[-0.4,-0.15,0.04],"min_rider_count":1,"max_rider_count":2,"lock_rider_rotation":0}]},"minecraft:scaffolding_climber":{}},"events":{"pamobile:refresh_player":{"add":{"component_groups":["pamobile:respawn"]},"remove":{"component_groups":["key:yellow_event_hold","key:yellow_event_play","key:wrench_event_hold","key:wrench_event_play","key:red_event_hold","key:red_event_play","key:blue_event_hold","key:blue_event_play","key:plank_event_hold","key:plank_event_play","key:hammer_event_hold","key:hammer_event_play","key:orange_event_hold","key:orange_event_play","key:green_event_hold","key:green_event_play","key:silver_event_hold","key:silver_event_play","key:purple_event_hold","key:purple_event_play"]}},"minecraft:entity_spawned":{"add":{"component_groups":["pamobile:respawn"]},"remove":{}},"ammo:1":{"remove":{"component_groups":["ammo:1"]},"add":{"component_groups":["ammo:1"]}},"ammo:2":{"remove":{"component_groups":["ammo:2"]},"add":{"component_groups":["ammo:2"]}},"key:yellow_event_hold":{"add":{"component_groups":["key:yellow_event_hold"]}},"key:yellow_event_play":{"add":{"component_groups":["key:yellow_event_play"]}},"key:wrench_event_hold":{"add":{"component_groups":["key:wrench_event_hold"]}},"key:wrench_event_play":{"add":{"component_groups":["key:wrench_event_play"]}},"key:red_event_hold":{"add":{"component_groups":["key:red_event_hold"]}},"key:red_event_play":{"add":{"component_groups":["key:red_event_play"]}},"key:blue_event_hold":{"add":{"component_groups":["key:blue_event_hold"]}},"key:blue_event_play":{"add":{"component_groups":["key:blue_event_play"]}},"key:plank_event_hold":{"add":{"component_groups":["key:plank_event_hold"]}},"key:plank_event_play":{"add":{"component_groups":["key:plank_event_play"]}},"key:hammer_event_hold":{"add":{"component_groups":["key:hammer_event_hold"]}},"key:hammer_event_play":{"add":{"component_groups":["key:hammer_event_play"]}},"key:orange_event_hold":{"add":{"component_groups":["key:orange_event_hold"]}},"key:orange_event_play":{"add":{"component_groups":["key:orange_event_play"]}},"key:green_event_hold":{"add":{"component_groups":["key:green_event_hold"]}},"key:green_event_play":{"add":{"component_groups":["key:green_event_play"]}},"key:silver_event_hold":{"add":{"component_groups":["key:silver_event_hold"]}},"key:silver_event_play":{"add":{"component_groups":["key:silver_event_play"]}},"key:purple_event_hold":{"add":{"component_groups":["key:purple_event_hold"]}},"key:purple_event_play":{"add":{"component_groups":["key:purple_event_play"]}}}}}
