{"format_version":"1.8.0","animations":{"animation.crawl":{"loop":true,"bones":{"body":{"rotation":[90,0,0],"position":[0,-6,-8]},"rightLeg":{"rotation":{"0.66":[160,-30,0],"0.0":[160,-30,0],"0.48":[160,-15,0]},"position":{"0.0":[0,6,4],"0.66":[0,6,4]}},"leftLeg":{"rotation":{"0.66":[160,30,0],"0.0":[160,30,0],"0.48":[160,15,0]},"position":{"0.0":[0,6,4],"0.66":[0,6,4]}},"leftArm":{"rotation":{"0.0":[-150,0,0],"0.66":[-150,0,0],"0.48":[-150,0,160]},"position":{"0.0":[0,0,0],"0.66":[0,0,0]}},"rightArm":{"rotation":{"0.0":[-150,0,0],"0.66":[-150,0,0],"0.48":[-150,0,-160]},"position":{"0.0":[0,0,0],"0.66":[0,0,0]}},"head":{"rotation":[20,0,0],"position":[0,0,0]}},"animation_length":0.67},"animation.player.first_person.empty_hand":{"loop":true,"bones":{"rightarm":{"position":[13.5,-8,11],"rotation":["95.5 + variable.is_using_vr * 7.5","-40.0 + variable.is_using_vr * 7.5","115.0 + variable.is_using_vr * -2.5"],"scale":"query.mark_variant == 1 ? 0.0 : 1.0"}}}}}