{
	"format_version": "1.12.0",
	"minecraft:geometry": [
		{
			"description": {
				"identifier": "geometry.clowny",
				"texture_width": 128,
				"texture_height": 128,
				"visible_bounds_width": 3,
				"visible_bounds_height": 4,
				"visible_bounds_offset": [0, 0, 0]
			},
			"bones": [
				{
					"name": "Dress",
					"pivot": [0, 0, 0],
					"cubes": [
						{"origin": [-6, 10, -6], "size": [12, 6, 12], "uv": [13, 4]},
						{"origin": [-6, 16, -6], "size": [12, 6, 12], "uv": [16, 12]},
						{"origin": [-2, 16, -7], "size": [4, 3, 1], "uv": [114, 74]},
						{"origin": [-2, 12, -7], "size": [4, 3, 1], "uv": [114, 74]},
						{"origin": [-6, 23, -6], "size": [12, 11, 12], "uv": [0, 37]},
						{"origin": [9.64328, -10.91181, -3], "size": [12, 3, 4], "pivot": [0, 0, 0], "rotation": [0, 0, -95], "uv": [0, 37]},
						{"origin": [-8, 30, -3], "size": [6, 6, 7], "uv": [32, 11]},
						{"origin": [2, 30, -3], "size": [6, 6, 7], "uv": [32, 11]},
						{"origin": [-11, 31, -3], "size": [6, 6, 7], "uv": [32, 11]},
						{"origin": [5, 31, -3], "size": [6, 6, 7], "uv": [32, 11]},
						{"origin": [1, 28, -7], "size": [4, 4, 2], "uv": [117, 78]},
						{"origin": [-5, 28, -7], "size": [4, 4, 3], "uv": [117, 58]},
						{"origin": [-2, 24, -7], "size": [4, 3, 4], "uv": [0, 122]},
						{"origin": [-8, 20, -8], "size": [16, 3, 15], "uv": [0, 108]}
					]
				},
				{
					"name": "RightArm",
					"parent": "Dress",
					"pivot": [-7, 22, -1],
					"cubes": [
						{"origin": [-9, 12, -14], "size": [2, 2, 14], "uv": [0, 64]},
						{"origin": [-13, 11, -21], "size": [10, 4, 7], "pivot": [-8, 13, -17], "rotation": [0, 0, 90], "uv": [0, 64]},
						{"origin": [-12.41536, 12.37066, -3], "size": [3, 12, 4], "pivot": [-19, 0, 0], "rotation": [0, 0, 10], "uv": [0, 40]}
					]
				},
				{
					"name": "rightLeg",
					"pivot": [3, 4, -4],
					"cubes": [
						{"origin": [2, -1, -3], "size": [13, 5, 6], "pivot": [3, 1, 0], "rotation": [0, 0, -90], "uv": [0, 18]}
					]
				},
				{
					"name": "leftLeg",
					"pivot": [-2, 4, -4],
					"cubes": [
						{"origin": [-13, 0, -3], "size": [13, 5, 6], "pivot": [-3, 3, 0], "rotation": [0, 180, -90], "uv": [0, 19]}
					]
				}
			]
		}
	]
}