{
	"format_version": "1.10.0",
	"geometry.kaneki": {
		"texturewidth": 64,
		"textureheight": 64,
		"visible_bounds_width": 4,
		"visible_bounds_height": 2,
		"visible_bounds_offset": [0, 0, 0],
		"bones": [
			{
				"name": "body",
				"pivot": [0, 24, -2],
				"cubes": [
					{"origin": [-4, 12, -2], "size": [8, 12, 4], "uv": [16, 16]}
				]
			},
			{
				"name": "bodyArmor",
				"parent": "body",
				"pivot": [0, 24, -2]
			},
			{
				"name": "belt",
				"parent": "body",
				"pivot": [0, 24, -2]
			},
			{
				"name": "waist",
				"pivot": [0, 12, 0]
			},
			{
				"name": "head",
				"pivot": [0, 24, 0],
				"rotation": [15, 0, 0],
				"cubes": [
					{"origin": [-4, 24.51764, -3.93185], "size": [8, 8, 8], "uv": [32, 0], "inflate": 0.5},
					{"origin": [-4, 24.51764, -3.93185], "size": [8, 8, 8], "uv": [0, 0]}
				]
			},
			{
				"name": "helmet",
				"pivot": [0, 24, 0]
			},
			{
				"name": "hat",
				"pivot": [0, 37, 0]
			},
			{
				"name": "rightArm",
				"pivot": [-5, 22, 0],
				"cubes": [
					{"origin": [-8, 12, -2], "size": [4, 12, 4], "uv": [40, 16]}
				]
			},
			{
				"name": "rightArmArmor",
				"parent": "rightArm",
				"pivot": [-5, 22, 0]
			},
			{
				"name": "Lega",
				"pivot": [1.9, 12, 0],
				"rotation": [-65, 15, 0],
				"mirror": true,
				"cubes": [
					{"origin": [-0.1, 0, -2], "size": [4, 12, 4], "uv": [0, 16]}
				]
			},
			{
				"name": "leftLegging",
				"parent": "Lega",
				"pivot": [1.9, 12, 0],
				"mirror": true
			},
			{
				"name": "leftBoot",
				"parent": "Lega",
				"pivot": [1.9, 12, 0],
				"mirror": true
			},
			{
				"name": "rightItem",
				"pivot": [-6, 15, 1]
			},
			{
				"name": "LegB",
				"pivot": [-1.9, 12, 0],
				"rotation": [-80, -20, 0],
				"cubes": [
					{"origin": [-3.9, 0, -2], "size": [4, 12, 4], "uv": [0, 16]}
				]
			},
			{
				"name": "rightLegging",
				"parent": "LegB",
				"pivot": [-1.9, 12, 0]
			},
			{
				"name": "rightBoot",
				"parent": "LegB",
				"pivot": [-1.9, 12, 0]
			},
			{
				"name": "rightSock",
				"parent": "LegB",
				"pivot": [-1.9, 12, 0]
			},
			{
				"name": "Holding",
				"pivot": [5, 22, 0],
				"rotation": [-100, 45, 0],
				"mirror": true,
				"cubes": [
					{"origin": [4, 12, -2], "size": [4, 12, 4], "uv": [40, 16]}
				]
			},
			{
				"name": "leftArmArmor",
				"pivot": [5, 22, 0],
				"mirror": true
			},
			{
				"name": "Orb",
				"pivot": [0, 0, 0],
				"cubes": [
					{"origin": [-0.91622, 20.82524, 1.43222], "size": [5, 5, 5], "uv": [48, 34], "mirror": true},
					{"origin": [-0.91622, 15.82524, 1.43222], "size": [5, 5, 5], "uv": [48, 34], "mirror": true},
					{"origin": [-3.91622, 15.82524, 1.43222], "size": [5, 5, 5], "uv": [48, 34], "mirror": true},
					{"origin": [-5.91622, 15.82524, 5.43222], "size": [5, 5, 5], "uv": [48, 34], "mirror": true},
					{"origin": [2.08378, 15.82524, 5.43222], "size": [5, 5, 5], "uv": [48, 34], "mirror": true},
					{"origin": [-10.91622, 15.82524, 7.43222], "size": [5, 5, 5], "uv": [48, 34], "mirror": true},
					{"origin": [12.08378, 12.82524, 7.43222], "size": [5, 5, 5], "uv": [48, 34], "mirror": true},
					{"origin": [7.08378, 15.82524, 7.43222], "size": [5, 5, 5], "uv": [48, 34], "mirror": true},
					{"origin": [-15.91622, 12.82524, 7.43222], "size": [5, 5, 5], "uv": [48, 34], "mirror": true},
					{"origin": [-17.91622, 11.82524, 3.43222], "size": [5, 5, 5], "uv": [48, 34], "mirror": true},
					{"origin": [13.08378, 11.82524, 3.43222], "size": [5, 5, 5], "uv": [48, 34], "mirror": true},
					{"origin": [-19.91622, 9.82524, -1.56778], "size": [5, 5, 5], "uv": [48, 34], "mirror": true},
					{"origin": [14.08378, 9.82524, -1.56778], "size": [5, 5, 5], "uv": [48, 34], "mirror": true},
					{"origin": [-3.91622, 20.82524, 1.43222], "size": [5, 5, 5], "uv": [48, 34], "mirror": true},
					{"origin": [2.08378, 22.82524, 3.43222], "size": [5, 5, 5], "uv": [48, 34], "mirror": true},
					{"origin": [-6.91622, 22.82524, 3.43222], "size": [5, 5, 5], "uv": [48, 34], "mirror": true},
					{"origin": [5.08378, 25.82524, 5.43222], "size": [5, 5, 5], "uv": [48, 34], "mirror": true},
					{"origin": [-9.91622, 25.82524, 5.43222], "size": [5, 5, 5], "uv": [48, 34], "mirror": true},
					{"origin": [8.08378, 28.82524, 5.43222], "size": [5, 5, 5], "uv": [48, 34], "mirror": true},
					{"origin": [-11.91622, 28.82524, 5.43222], "size": [5, 5, 5], "uv": [48, 34], "mirror": true},
					{"origin": [11.08378, 31.82524, 2.43222], "size": [5, 5, 5], "uv": [48, 34], "mirror": true},
					{"origin": [-14.91622, 31.82524, 2.43222], "size": [5, 5, 5], "uv": [48, 34], "mirror": true},
					{"origin": [13.08378, 29.82524, -1.56778], "size": [5, 5, 5], "uv": [48, 34], "inflate": -0.5, "mirror": true},
					{"origin": [-16.91622, 29.82524, -1.56778], "size": [5, 5, 5], "uv": [48, 34], "inflate": -0.5, "mirror": true},
					{"origin": [-16.91622, 29.82524, -1.56778], "size": [5, 5, 5], "uv": [48, 34], "inflate": -0.5, "mirror": true},
					{"origin": [-15.91622, 27.82524, -4.56778], "size": [5, 5, 5], "uv": [48, 34], "inflate": -1, "mirror": true},
					{"origin": [12.08378, 27.82524, -4.56778], "size": [5, 5, 5], "uv": [48, 34], "inflate": -1, "mirror": true}
				]
			},
			{
				"name": "leftSock",
				"pivot": [1.9, 12, 0],
				"mirror": true
			}
		]
	}
}