{
	"format_version": "1.12.0",
	"minecraft:geometry": [
		{
			"description": {
				"identifier": "geometry.memory",
				"texture_width": 128,
				"texture_height": 128,
				"visible_bounds_width": 3,
				"visible_bounds_height": 3,
				"visible_bounds_offset": [0, 1.5, 0]
			},
			"bones": [
				{
					"name": "Dress",
					"pivot": [0, 0, 0],
					"cubes": [
						{"origin": [-8, 0, -8], "size": [16, 8, 16], "uv": [0, 0]},
						{"origin": [-7, 8, -7], "size": [14, 8, 14], "uv": [13, 4]},
						{"origin": [-6, 16, -6], "size": [12, 6, 12], "uv": [16, 12]},
						{"origin": [-6, 23, -6], "size": [12, 11, 12], "uv": [0, 37]},
						{"origin": [9.64328, -10.91181, -3], "size": [12, 3, 4], "pivot": [0, 0, 0], "rotation": [0, 0, -95], "uv": [0, 37]},
						{"origin": [-8, 30, -1], "size": [6, 6, 3], "uv": [0, 37]},
						{"origin": [2, 30, -1], "size": [6, 6, 3], "uv": [0, 37]},
						{"origin": [1, 28, -7], "size": [4, 4, 2], "uv": [117, 78]},
						{"origin": [-2, 25, -8], "size": [1, 1, 1], "uv": [117, 78]},
						{"origin": [1, 25, -8], "size": [1, 1, 1], "uv": [117, 78]},
						{"origin": [-5, 28, -7], "size": [4, 4, 3], "uv": [117, 58]},
						{"origin": [-3, 24, -7], "size": [6, 3, 4], "uv": [109, 4]},
						{"origin": [-2, 22, -3], "size": [4, 1, 6], "uv": [0, 37]}
					]
				},
				{
					"name": "RightArm",
					"parent": "Dress",
					"pivot": [-7, 22, -1],
					"cubes": [
						{"origin": [-9, 12, -10], "size": [2, 2, 11], "uv": [0, 64]},
						{"origin": [-10, 11, -21], "size": [4, 4, 11], "uv": [0, 64]},
						{"origin": [-12.41536, 12.37066, -3], "size": [3, 12, 4], "pivot": [-19, 0, 0], "rotation": [0, 0, 10], "uv": [0, 40]}
					]
				}
			]
		}
	]
}
