{
	"format_version": "1.12.0",
	"minecraft:geometry": [
		{
			"description": {
				"identifier": "geometry.potato",
				"texture_width": 128,
				"texture_height": 128,
				"visible_bounds_width": 3,
				"visible_bounds_height": 3,
				"visible_bounds_offset": [0, 0, 0]
			},
			"bones": [
				{
					"name": "Dress",
					"pivot": [0, 0, 0],
					"cubes": [
						{"origin": [-12, 33, -6], "size": [24, 3, 14], "uv": [0, 112]},
						{"origin": [-9, 36, -6], "size": [10, 7, 14], "uv": [0, 112]},
						{"origin": [1, 36, -6], "size": [7, 5, 14], "uv": [0, 112]},
						{"origin": [-6, 24, -7], "size": [3, 6, 1], "uv": [121, 0]},
						{"origin": [3, 24, -7], "size": [3, 6, 1], "uv": [121, 0]},
						{"origin": [3, 13, -7], "size": [3, 3, 1], "uv": [105, 89]},
						{"origin": [-6, 13, -7], "size": [3, 3, 1], "uv": [105, 89]},
						{"origin": [-4, 10, -7], "size": [8, 3, 1], "uv": [105, 89]},
						{"origin": [-4, 19, -7], "size": [8, 3, 1], "uv": [0, 125]},
						{"origin": [1, 17, -7], "size": [6, 3, 1], "uv": [0, 125]},
						{"origin": [-7, 17, -7], "size": [6, 3, 1], "uv": [0, 125]},
						{"origin": [-8, 8, -6], "size": [16, 25, 14], "uv": [0, 24]},
						{"origin": [5, 14.71371, -1], "size": [10, 3, 4], "pivot": [12, 16, 2], "rotation": [0, 0, -90], "uv": [0, 42]},
						{"origin": [1, 1.71371, -1], "size": [8, 3, 4], "pivot": [4, 3, 2], "rotation": [0, 0, -90], "uv": [0, 42]},
						{"origin": [-7, 1.71371, -1], "size": [8, 3, 4], "pivot": [-4, 3, 2], "rotation": [0, 0, -90], "uv": [0, 42]},
						{"origin": [-19, 14.71371, -2], "size": [10, 3, 4], "pivot": [-12, 16, 1], "rotation": [0, 0, -90], "uv": [0, 42]},
						{"origin": [5.40522, 20.5394, -1], "size": [10, 3, 4], "pivot": [10, 22, 1], "rotation": [0, 0, -120], "uv": [0, 42]},
						{"origin": [-14.59478, 20.5394, -2], "size": [10, 3, 4], "pivot": [-10, 22, 0], "rotation": [0, 0, -60], "uv": [0, 42]}
					]
				}
			]
		}
	]
}
