{
	"format_version": "1.12.0",
	"minecraft:geometry": [
		{
			"description": {
				"identifier": "geometry.soldier",
				"texture_width": 128,
				"texture_height": 128,
				"visible_bounds_width": 3,
				"visible_bounds_height": 4,
				"visible_bounds_offset": [0, 0, 0]
			},
			"bones": [
				{
					"name": "Dress",
					"pivot": [0, 0, 0],
					"cubes": [
						{"origin": [-1, 9, -3], "size": [2, 2.3, 6], "uv": [16, 42]},
						{"origin": [-6, 13, -4], "size": [12, 4, 8], "uv": [16, 42]},
						{"origin": [-6, 17, -4], "size": [12, 6, 8], "uv": [16, 42]},
						{"origin": [-5, 13, -5], "size": [4, 10, 1], "uv": [43, 5]},
						{"origin": [-6, 11, -5], "size": [12, 2, 10], "uv": [41, 9]},
						{"origin": [1, 13, -5], "size": [4, 10, 1], "uv": [41, 9]},
						{"origin": [1, 13, 4], "size": [4, 10, 1], "uv": [42, 10]},
						{"origin": [-5, 13, 4], "size": [4, 10, 1], "uv": [48, 11]},
						{"origin": [-6.9, 32, -6.7], "size": [13.5, 4, 13.5], "uv": [0, 38]},
						{"origin": [-6, 23, -6], "size": [2, 4, 12], "uv": [88, 52]},
						{"origin": [-6, 27, -6], "size": [4, 3, 12], "uv": [88, 52]},
						{"origin": [-6, 30, -6], "size": [6, 2, 12], "uv": [88, 52]},
						{"origin": [-4, 23, -6], "size": [10, 4, 12], "uv": [72, 101]},
						{"origin": [-2, 27, -6], "size": [8, 3, 12], "uv": [72, 101]},
						{"origin": [0, 30, -6], "size": [6, 2, 12], "uv": [72, 101]},
						{"origin": [-6, 36, -6], "size": [12, 2, 12], "uv": [0, 41]},
						{"origin": [-2.05554, 20.33602, -3], "size": [10, 3, 4], "pivot": [7.92544, 21.40024, -1], "rotation": [0, 0, -100], "uv": [0, 37]},
						{"origin": [-4.38834, 19.55961, -3.00548], "size": [2, 3, 4], "pivot": [6.92544, 21.40024, -1], "rotation": [0, 0, -101.2], "uv": [43, 9]},
						{"origin": [1, 28, -7], "size": [4, 4, 2], "pivot": [3, 30, -6], "rotation": [0, 0, -180], "uv": [78, 69]},
						{"origin": [-1.5, 26, -8], "size": [1, 1, 1], "uv": [112, 74]},
						{"origin": [0.5, 26, -8], "size": [1, 1, 1], "uv": [112, 74]},
						{"origin": [-2, 25, -7], "size": [4, 3, 4], "uv": [78, 84]},
						{"origin": [-8.30626, 11.74845, -3], "size": [3, 10, 4], "pivot": [-7.6745, 21.67249, -1], "rotation": [0, 0, 10], "uv": [0, 40]},
						{"origin": [-8.30626, 8.74845, -3], "size": [3, 3, 4], "pivot": [-7.6745, 21.67249, -1], "rotation": [0, 0, 10], "uv": [52, 14]},
						{"origin": [-6.80626, 8.74845, -7], "size": [0.5, 1.5, 4], "pivot": [-7.6745, 21.67249, -5], "rotation": [0, 0, 10], "uv": [24, 116]},
						{"origin": [-6.80626, 9.5, -10], "size": [0.5, 0.5, 3], "pivot": [-7.6745, 21.67249, -5], "rotation": [0, 0, 10], "uv": [24, 116]},
						{"origin": [-6.80626, 9.3, -9.5], "size": [0.5, 0.5, 2.5], "pivot": [-7.6745, 21.67249, -6], "rotation": [0, 0, 10], "uv": [24, 116]},
						{"origin": [-6.80626, 9, -9], "size": [0.5, 0.5, 2], "pivot": [-7.6745, 21.67249, -6], "rotation": [0, 0, 10], "uv": [24, 116]}
					]
				},
				{
					"name": "leftLeg",
					"pivot": [-2, 4, -4],
					"cubes": [
						{"origin": [2, 6.5, -3], "size": [4, 4.5, 6], "pivot": [-3, 9, 0], "rotation": [0, 180, -90], "uv": [10, 4]},
						{"origin": [-2, 6.5, -3], "size": [4, 4.5, 6], "pivot": [-3, 9, 0], "rotation": [0, 180, -90], "uv": [0, 77]},
						{"origin": [-5, 6.5, -3], "size": [3, 4.5, 6], "pivot": [-3, 9, 0], "rotation": [0, 180, -90], "uv": [0, 41]}
					]
				},
				{
					"name": "rightLeg",
					"pivot": [3, 4, -4],
					"cubes": [
						{"origin": [0, 6, -3], "size": [3, 4.5, 6], "pivot": [2, 9, 0], "rotation": [0, 180, -90], "uv": [0, 41]},
						{"origin": [-6, 7, -3], "size": [4, 4.5, 6], "pivot": [3, 9, 0], "rotation": [0, 0, -90], "uv": [0, 0]},
						{"origin": [-2, 7, -3], "size": [4, 4.5, 6], "pivot": [3, 9, 0], "rotation": [0, 0, -90], "uv": [10, 80]}
					]
				}
			]
		}
	]
}
