{
  "pools": [
    {
      "conditions": [
        {
          "condition": "random_regional_difficulty_chance",
          "max_chance": 100.0
        }
      ],
      "rolls": 1,
      "entries": [
        {
          "type": "item",
          "name": "minecraft:iron_sword",
          "weight": 1,
          "functions": [
            {
              "function": "looting_enchant",
              "count": {
                "min": 2,
                "max": 3
              }
            },
            {
              "function": "enchant_random_gear",
              "chance": 0.25
            }
          ]
        }
      ]
    },
    {
      "conditions": [
        {
          "condition": "random_difficulty_chance",
          "default_chance": 100.0,
          "peaceful": 100.0,
          "easy": 100.0
        },
        {
          "condition": "random_regional_difficulty_chance",
          "max_chance": 0.15
        }
      ],
      "tiers": {
        "initial_range": 2,
        "bonus_rolls": 3,
        "bonus_chance": 100.0
        }
      ]
    }
  ]
}
